{"assets/images/att.png":["assets/images/att.png"],"assets/images/be.png":["assets/images/be.png"],"assets/images/nc.png":["assets/images/nc.png"],"assets/images/ns.png":["assets/images/ns.png"],"assets/images/sww.png":["assets/images/sww.png"],"assets/modules/students.json":["assets/modules/students.json"],"assets/modules/subjects.json":["assets/modules/subjects.json"],"assets/modules/teachers.json":["assets/modules/teachers.json"],"packages/cupertino_icons/assets/CupertinoIcons.ttf":["packages/cupertino_icons/assets/CupertinoIcons.ttf"],"packages/font_awesome_flutter/lib/fonts/fa-brands-400.ttf":["packages/font_awesome_flutter/lib/fonts/fa-brands-400.ttf"],"packages/font_awesome_flutter/lib/fonts/fa-regular-400.ttf":["packages/font_awesome_flutter/lib/fonts/fa-regular-400.ttf"],"packages/font_awesome_flutter/lib/fonts/fa-solid-900.ttf":["packages/font_awesome_flutter/lib/fonts/fa-solid-900.ttf"]}